mmsi,timestamp,latitude,longitude,speed,course
419000001,2026-08-19T04:30:00Z,18.600009141512395,72.3499688004768,8.222513535874192,55.37622588655648
419000001,2026-08-19T04:35:00Z,18.60071402528027,72.3510742212261,8.240862923141732,54.6164469596684
419000001,2026-08-19T04:40:00Z,18.60141238197835,72.35221292463008,8.322662179372411,54.837433993446155
419000001,2026-08-19T04:45:00Z,18.60208003470878,72.35330696483969,8.288196945283476,55.087475438691605
419000001,2026-08-19T04:50:00Z,18.602791745732464,72.35444484823934,8.28162848016413,55.38731134183659
419000001,2026-08-19T04:55:00Z,18.6034617294103,72.35546600138358,8.298637079141136,55.198864297621505
419000001,2026-08-19T05:00:00Z,18.604164124810634,72.35661460917443,8.325723792689002,55.004997647491074
419000001,2026-08-19T05:05:00Z,18.604911993226803,72.35767283562834,8.336472582877086,55.51969131911443
419000001,2026-08-19T05:10:00Z,18.605582175501333,72.35875661826435,8.352099925687641,54.78820291637448
419000001,2026-08-19T05:15:00Z,18.60634389908674,72.35986433710836,8.326884598649235,54.62936962343779
419000001,2026-08-19T05:20:00Z,18.607012432283,72.36097031385638,8.272433225601912,55.10708458493753
419000001,2026-08-19T05:25:00Z,18.607698386523477,72.3621530378974,8.325182696217123,55.39309580440922
419000001,2026-08-19T05:30:00Z,18.608395300863073,72.36319877712421,8.28167584621979,55.17842888059283
419000001,2026-08-19T05:35:00Z,18.609087672183076,72.3643331886613,8.290187898927067,55.614302396798394
419000001,2026-08-19T05:40:00Z,18.609819299803842,72.36538816184631,8.250094566521783,54.934622840590194
419000001,2026-08-19T05:45:00Z,18.61052747707627,72.36646020821846,8.222086945986813,54.80633222666657
419000001,2026-08-19T05:50:00Z,18.611202714693448,72.3676068468499,8.266768099611879,55.75073784451267
419000001,2026-08-19T05:55:00Z,18.611868127567647,72.36868411681716,8.135363011350947,54.96229497829898
419000001,2026-08-19T06:00:00Z,18.612651860929333,72.36977039428764,8.126263598127508,55.310935030424695
419000001,2026-08-19T06:05:00Z,18.613304662879834,72.37091055269224,8.109815976785928,55.000033757236565
419000001,2026-08-19T06:10:00Z,18.614014404302104,72.3719476624204,8.114302780150554,55.18176813528574
419000001,2026-08-19T06:15:00Z,18.614692894492066,72.37310529537264,8.078143453828574,54.85123416747148
419000001,2026-08-19T06:20:00Z,18.61541747965726,72.37425196934815,8.092582045585903,55.17563467157183
419000001,2026-08-19T06:25:00Z,18.616135137412808,72.37532252606965,8.105565734184385,55.292309876455455
419000001,2026-08-19T06:30:00Z,18.61677986579168,72.37640936028414,8.085234669757824,55.24350458888978
419000001,2026-08-19T06:35:00Z,18.61751105069838,72.37752539751958,8.039033048954874,55.32550547598648
419000001,2026-08-19T06:40:00Z,18.618196249729092,72.37864444366642,8.0451741547776,54.67109999308387
419000001,2026-08-19T06:45:00Z,18.618948127630844,72.37968626901707,8.087321740196892,55.52382027394421
419000001,2026-08-19T06:50:00Z,18.619585846718994,72.38081378157314,8.12636861310579,55.05529657282347
419000001,2026-08-19T06:55:00Z,18.62029647373498,72.38192488557125,8.070517861956311,54.48141106877009
419000001,2026-08-19T07:00:00Z,18.621002763799755,72.38297487805328,8.140255664704197,54.40778539497399
419000001,2026-08-19T07:05:00Z,18.621727848909746,72.3840818499786,8.171519582426168,54.57209903548412
419000001,2026-08-19T07:10:00Z,18.62243343777334,72.38521150131339,8.213548254821472,55.13951035761852
419000001,2026-08-19T07:15:00Z,18.6230523129752,72.38623781049691,8.213209681137318,54.81652988602427
419000001,2026-08-19T07:20:00Z,18.623831915545985,72.38736574185322,8.274307174541658,56.03906949063833
419000001,2026-08-19T07:25:00Z,18.624532558610134,72.38851099594221,8.289960527801146,55.18158623172348
419000001,2026-08-19T07:30:00Z,18.625111064134867,72.38958369513475,8.391662629944795,55.17395370858546
419000001,2026-08-19T07:35:00Z,18.625926934462253,72.39074886810842,8.305701728782202,54.64492173771418
419000001,2026-08-19T07:40:00Z,18.62658654307376,72.39181357001851,8.298215178639307,55.25498836106045
419000001,2026-08-19T07:45:00Z,18.62730610164722,72.39286974391874,8.370986991033162,55.265066388154196
419000001,2026-08-19T07:50:00Z,18.627997879588552,72.39401002885384,8.349937998750072,54.69378588902811
419000001,2026-08-19T07:55:00Z,18.628705695301786,72.39505635532544,8.38119516650233,55.49917999402377
419000001,2026-08-19T08:00:00Z,18.62940706345105,72.39624833348445,8.291518606837045,55.09961444892278
419000001,2026-08-19T08:05:00Z,18.63013823341651,72.39728117237391,8.29106110618805,55.21645264432181
419000001,2026-08-19T08:10:00Z,18.630821414604096,72.39840724933565,8.269318274891976,55.580471539608425
419000001,2026-08-19T08:15:00Z,18.631548328109854,72.39957647983857,8.249659694822782,54.225264783751925
419000001,2026-08-19T08:20:00Z,18.63218988024514,72.40059573990357,8.251891190124093,54.30773135779711
419000001,2026-08-19T08:25:00Z,18.63293637556511,72.40169028624886,8.152957434342909,54.992974869409025
419000001,2026-08-19T08:30:00Z,18.63357858375528,72.40276049509367,8.198925219705982,55.13974024902417
419000001,2026-08-19T08:35:00Z,18.63432372405164,72.4039449512332,8.131262915817732,54.83009050888276
419000001,2026-08-19T08:40:00Z,18.63503338897675,72.40499264818047,8.08747242175846,54.97721818351459
419000001,2026-08-19T08:45:00Z,18.635693679299568,72.40606352327227,8.048114458424907,55.274299614109864
419000001,2026-08-19T08:50:00Z,18.636365795172427,72.40716641392373,8.089260441138832,55.02330973237418
419000001,2026-08-19T08:55:00Z,18.637069381309416,72.4082442049378,8.064554731388295,55.372335290540214
419000001,2026-08-19T09:00:00Z,18.63777237448807,72.40942565057972,8.072048357774964,55.17701824968162
419000001,2026-08-19T09:05:00Z,18.638551869860226,72.410540776618,8.05765787152307,55.54025004838106
419000001,2026-08-19T09:10:00Z,18.639200343363175,72.41160746361929,8.054449711970427,54.91883440608178
419000001,2026-08-19T09:15:00Z,18.639930775105288,72.41270116739621,8.036749361311223,54.566520469056776
419000001,2026-08-19T09:20:00Z,18.64060758654445,72.41378488126776,8.057733728242932,55.12458113372138
419000001,2026-08-19T09:25:00Z,18.64130092751834,72.41489647167433,8.132396932151286,53.93086622675882
419000001,2026-08-19T09:30:00Z,18.650057151806422,72.4280010672943,1.191648606580589,89.9626805401386
419000001,2026-08-19T09:35:00Z,18.654596968768242,72.42655363591096,1.0168739397964843,125.16998635897446
419000001,2026-08-19T09:40:00Z,18.65749999474224,72.4227347635285,1.0605297892095724,159.59684282015058
419000001,2026-08-19T09:45:00Z,18.657694073463283,72.4178942884914,1.2006714243239398,195.1155666668675
419000001,2026-08-19T09:50:00Z,18.65512202035832,72.41384577491627,1.398371473794972,229.38574317202955
419000001,2026-08-19T09:55:00Z,18.650674693266545,72.41204235341428,1.3820331985575245,264.7511329198983
419000001,2026-08-19T10:00:00Z,18.645995015264738,72.41312826201613,1.1895981753025953,300.1655169268761
419000001,2026-08-19T10:05:00Z,18.64277774638765,72.41664503296522,1.035244296188787,335.35455758382716
419000001,2026-08-19T10:10:00Z,18.64213586385602,72.42135431255792,0.9990514026057736,10.548216395445653
419000001,2026-08-19T10:15:00Z,18.644335470788366,72.42563458848667,1.2047737699589856,45.0138447496741
419000001,2026-08-19T10:20:00Z,18.648624715672845,72.42783254056638,1.361662587775486,80.29423323697135
419000001,2026-08-19T10:25:00Z,18.653377654068475,72.4272610439012,1.4132156168044023,115.04847117971978
419000001,2026-08-19T10:30:00Z,18.65695089067518,72.4240113652781,1.213720279945063,150.5769219164745
419000001,2026-08-19T10:35:00Z,18.65798185243845,72.41932123809806,1.001407008369215,184.8542246990942
419000001,2026-08-19T10:40:00Z,18.65615793963446,72.41484096598212,1.0271411070836256,220.27096054747693
419000001,2026-08-19T10:45:00Z,18.652033299694953,72.41226647133216,1.1257331055553341,255.97805205802356
419000001,2026-08-19T10:50:00Z,18.647244507839787,72.41248065147832,1.2810626508109293,290.182009488139
419000001,2026-08-19T10:55:00Z,18.643429186093133,72.4154544475139,1.4072166061281957,324.93950094130145
419000001,2026-08-19T11:00:00Z,18.642023847967586,72.4200054109183,1.283114043098278,0.4905171822595799
419000001,2026-08-19T11:05:00Z,18.643406109226554,72.42456477350716,1.150284418292741,35.33608806507768
419000001,2026-08-19T11:10:00Z,18.647277348371734,72.4275176342228,0.9787278690667894,69.90566825513005
419000001,2026-08-19T11:15:00Z,18.652065604227555,72.4277660599378,1.0758735401666202,105.01489113456863
419000001,2026-08-19T11:20:00Z,18.65615892685575,72.42517320673959,1.2681674914247638,140.38506302899475
419000001,2026-08-19T11:25:00Z,18.657961919339638,72.42065202617255,1.3641181512507121,174.65566332859058
419000001,2026-08-19T11:30:00Z,18.656905343996524,72.41600445881285,1.3576243519481765,210.1669887834968
419000001,2026-08-19T11:35:00Z,18.653426899460644,72.41277976302683,1.15708525251829,245.30004872485478
419000001,2026-08-19T11:40:00Z,18.648591297670052,72.41210131160206,0.9939381986668068,279.64819614853644
419000001,2026-08-19T11:45:00Z,18.644307284981277,72.41438289442088,1.0343033476427048,315.51622550492846
419000001,2026-08-19T11:50:00Z,18.642086014125944,72.41861340974492,1.2168899566104114,349.68298966781686
419000001,2026-08-19T11:55:00Z,18.64273717322235,72.42332671518814,1.3668669458560003,24.376246705877755
419000001,2026-08-19T12:00:00Z,18.64602998008997,72.42693112563266,1.4026726730124386,59.82113693706802
419000001,2026-08-19T12:05:00Z,18.6506785379213,72.42797025824422,1.2032050188766654,95.64802812365443
419000001,2026-08-19T12:10:00Z,18.655202406159802,72.42615308153354,1.0491979824311233,129.82437843595804
419000001,2026-08-19T12:15:00Z,18.65774583472346,72.42209316801292,1.0028104941049032,164.0077165960062
419000001,2026-08-19T12:20:00Z,18.657511452707976,72.41727512018448,1.106397938532646,200.4761654253175
419000001,2026-08-19T12:25:00Z,18.65453227182783,72.41341454066529,1.3629486510696698,235.10803817367892
419000001,2026-08-19T12:30:00Z,18.649969028089412,72.41206929533267,1.4065228531985097,269.70708584743915
419000001,2026-08-19T12:35:00Z,18.6499876898008,72.42799238111965,7.654171698841457,68.36652457642982
419000001,2026-08-19T12:40:00Z,18.650412145652627,72.42895184186258,7.677659097526939,68.14581379561331
419000001,2026-08-19T12:45:00Z,18.650837462733172,72.42996740296421,7.704732469535289,67.63367060908142
419000001,2026-08-19T12:50:00Z,18.651235475922253,72.43099028045673,7.707690664270679,67.80333775401381
419000001,2026-08-19T12:55:00Z,18.65164103722352,72.43197443523583,7.802251819925008,68.39819611317813
419000001,2026-08-19T13:00:00Z,18.652019639785852,72.43302236496719,7.7505976553875255,67.62840433314777
419000001,2026-08-19T13:05:00Z,18.652358279437102,72.43404316116447,7.778900419571878,68.11601615859341
419000001,2026-08-19T13:10:00Z,18.65286898767279,72.43500272227692,7.861741549805707,68.14292776908425
419000001,2026-08-19T13:15:00Z,18.65320328456078,72.43603375131764,7.832513520873975,67.09583409706485
419000001,2026-08-19T13:20:00Z,18.653623328285907,72.43697571541043,7.883079529724899,67.45079879324578
419000001,2026-08-19T13:25:00Z,18.65402135931069,72.43796455562797,7.861998298419767,67.75015863671393
419000001,2026-08-19T13:30:00Z,18.654426868157298,72.43894007599921,7.848577711782881,68.08411651643446
419000001,2026-08-19T13:35:00Z,18.654835955595093,72.4399948883473,7.85232209984534,68.24691263219691
419000001,2026-08-19T13:40:00Z,18.655192173005307,72.44102519767816,7.937562147370802,67.95801673759993
419000001,2026-08-19T13:45:00Z,18.655558722592342,72.44198114886674,7.919070419504452,68.30861330390476
419000001,2026-08-19T13:50:00Z,18.656021891470214,72.44295238705098,7.948252210083672,67.91202568189347
419000001,2026-08-19T13:55:00Z,18.65641650607488,72.44397890792757,7.946399276526956,67.35163459267675
419000001,2026-08-19T14:00:00Z,18.656809625489387,72.44500715802373,7.995638738875956,67.57296249238205
419000001,2026-08-19T14:05:00Z,18.657208646571892,72.44599242877625,7.94124368903534,68.03143948244602
419000001,2026-08-19T14:10:00Z,18.65760577263353,72.44703396156865,7.862457703481834,68.6361809191664
419000001,2026-08-19T14:15:00Z,18.658000248457295,72.44799388654415,7.875238788440545,68.20121946735074
419000001,2026-08-19T14:20:00Z,18.658416088909075,72.44898843110055,7.895556230923112,67.37312916376582
419000001,2026-08-19T14:25:00Z,18.658806719022852,72.4500000599807,7.891540893467233,67.72052782560607
419000001,2026-08-19T14:30:00Z,18.659154979917915,72.45096923769616,7.845077968881295,68.49136832491206
419000001,2026-08-19T14:35:00Z,18.659562528200876,72.45201230636047,7.823672946562706,68.94984262001057
419000001,2026-08-19T14:40:00Z,18.660030747650794,72.452995081395,7.79560756451511,67.0897054385113
419000001,2026-08-19T14:45:00Z,18.66038011895775,72.45405768838582,7.821886107757492,68.03904159699817
419000001,2026-08-19T14:50:00Z,18.660758949971072,72.45499431333465,7.7388326899606,68.04454017175924
419000001,2026-08-19T14:55:00Z,18.66117676469815,72.45598143160342,7.7201076380130775,67.77374450065798
419000001,2026-08-19T15:00:00Z,18.661568443381814,72.45699567146863,7.681339058414768,68.33685078365505
419000001,2026-08-19T15:05:00Z,18.661966357068618,72.4580438706579,7.7224352263263345,68.03817561539509
419000001,2026-08-19T15:10:00Z,18.66240821527195,72.45899097706246,7.625735665769612,67.8697207559705
419000001,2026-08-19T15:15:00Z,18.662814311053815,72.45999998310708,7.6689220466667285,68.38429372303779
419000001,2026-08-19T15:20:00Z,18.66313676931837,72.46102307708624,7.694479455425964,68.2578233647936
419000001,2026-08-19T15:25:00Z,18.663617359849013,72.46200263888689,7.6584515980017445,67.89651763932571
419000001,2026-08-19T15:30:00Z,18.663988463496697,72.46301984134568,7.630759594417319,68.09251280909734
419000001,2026-08-19T15:35:00Z,18.664442375392095,72.46403072296519,7.661001133858064,68.06289313737447
419000001,2026-08-19T15:40:00Z,18.66482189486367,72.46505426743627,7.701456294181401,67.34956620454939
419000001,2026-08-19T15:45:00Z,18.665230735380263,72.46597650460414,7.634896626543659,67.13759078298001
419000001,2026-08-19T15:50:00Z,18.665618573150553,72.46696517264131,7.683913639168304,68.05892893219459
419000001,2026-08-19T15:55:00Z,18.66599048139824,72.46795601442052,7.66731273279641,68.41076229852825
419000001,2026-08-19T16:00:00Z,18.66637410443013,72.46903880529905,7.679572073406198,68.641691641874
419000001,2026-08-19T16:05:00Z,18.666777435173955,72.46997272691334,7.716103770224811,68.80038524063606
419000001,2026-08-19T16:10:00Z,18.66720492961978,72.47098078529785,7.757879375904407,67.90554796328881
419000001,2026-08-19T16:15:00Z,18.66755978931376,72.47202309570679,7.733919071063693,68.08690926329145
419000001,2026-08-19T16:20:00Z,18.66797581154538,72.47295919269688,7.827401320064977,68.21812930478683
419000001,2026-08-19T16:25:00Z,18.6684130202947,72.47400755563247,7.798066649913999,68.4490713018255
419000001,2026-08-19T16:30:00Z,18.668799157507745,72.47498019099652,7.881082364279761,68.1906411869296
419000001,2026-08-19T16:35:00Z,18.669239247398206,72.47598519595373,7.905064507202186,67.84123446350489
419000001,2026-08-19T16:40:00Z,18.66955862552246,72.47697016994675,7.924382977553338,68.19916917370774
419000001,2026-08-19T16:45:00Z,18.669981918419108,72.47796721314276,7.877551286794388,68.68894397679826
419000001,2026-08-19T16:50:00Z,18.670340667528126,72.47899215314297,7.935695779489809,67.48554798531649
419000001,2026-08-19T16:55:00Z,18.67079714142639,72.47998596071061,7.924446360549297,68.18712791316386
419000001,2026-08-19T17:00:00Z,18.67120769976192,72.48094856542313,7.92726583686296,68.30874971694793
419000001,2026-08-19T17:05:00Z,18.671614681518165,72.48199222372222,7.95179463722536,68.04301367202146
419000001,2026-08-19T17:10:00Z,18.672012668670572,72.48303205386202,7.949932373376097,68.93513804766887
419000001,2026-08-19T17:15:00Z,18.67248111955322,72.48401182712948,7.918412820430231,67.72229449510077
419000001,2026-08-19T17:20:00Z,18.672809975969393,72.48497571638812,7.949446943512795,67.70245562916175
419000001,2026-08-19T17:25:00Z,18.673174475411326,72.48596767250258,7.905679499423676,67.51335851388424
419000001,2026-08-19T17:30:00Z,18.673547784910326,72.48700052003888,7.893383741627695,67.81262972084022
419000001,2026-08-19T17:35:00Z,18.673993545525025,72.48797559828763,7.860531386521528,67.92925632257088
419000001,2026-08-19T17:40:00Z,18.674438750593968,72.48905334962721,7.828278389792065,68.005559283733
419000001,2026-08-19T17:45:00Z,18.6748045276458,72.49001737845913,7.895896181050606,68.11091581248434
419000001,2026-08-19T17:50:00Z,18.67523688127153,72.49097582019174,7.763719205766459,68.37703744835991
419000001,2026-08-19T17:55:00Z,18.675631013585036,72.49196452648282,7.790545118655756,68.0986732598443
419000001,2026-08-19T18:00:00Z,18.675944609889665,72.49298633556253,7.768670223134094,67.56382109897982
419000001,2026-08-19T18:05:00Z,18.676433148214667,72.49400830876026,7.746744307561398,68.14520369908581
419000001,2026-08-19T18:10:00Z,18.67687717552311,72.49497749994791,7.696431023430197,67.87755238061602
419000001,2026-08-19T18:15:00Z,18.677224792219295,72.49600837724661,7.7338304936401565,68.02237574005296
419000001,2026-08-19T18:20:00Z,18.67752849833891,72.49701550108456,7.610268447840717,68.5879748923765
419000001,2026-08-19T18:25:00Z,18.678031484958172,72.49802531810674,7.708735108747063,67.9239713308397
419000001,2026-08-19T18:30:00Z,18.678398882522423,72.49900592668847,7.620053582636995,67.12542320849977
419000002,2026-08-19T04:30:00Z,18.499960979296226,72.17997395640987,10.010227232253383,54.84187870382821
419000002,2026-08-19T04:35:00Z,18.501817569006025,72.18279900148178,9.985211010916379,54.65953522779803
419000002,2026-08-19T04:40:00Z,18.503589755145416,72.18558372454544,10.04927835380604,55.564486146360444
419000002,2026-08-19T04:45:00Z,18.505417428575562,72.18840447191097,10.054313085045752,55.03378953474444
419000002,2026-08-19T04:50:00Z,18.50716634260457,72.19119330229941,10.0130202452084,55.29311116567964
419000002,2026-08-19T04:55:00Z,18.509002848514722,72.19401380970709,9.965819788293077,55.079269845538356
419000002,2026-08-19T05:00:00Z,18.510809614933176,72.19680893062353,10.053230808717823,54.95075725774529
419000002,2026-08-19T05:05:00Z,18.51259287472058,72.19961475031137,9.92531058559921,54.89728122106619
419000002,2026-08-19T05:10:00Z,18.514404653524224,72.20240043704293,10.128142311305673,54.88032218626349
419000002,2026-08-19T05:15:00Z,18.51619220380394,72.20517246627705,10.050812075745153,54.888888651450614
419000002,2026-08-19T05:20:00Z,18.517983741178096,72.2079916928548,9.951032256075216,54.92960455679181
419000002,2026-08-19T05:25:00Z,18.51979001408803,72.21077630112468,9.92279065902141,54.63738696773213
419000002,2026-08-19T05:30:00Z,18.52159090033039,72.21357548788474,9.89776499405443,55.08629395886106
419000002,2026-08-19T05:35:00Z,18.523403664688743,72.21637551061937,9.890547264060347,55.82546396611563
419000002,2026-08-19T05:40:00Z,18.525206751490977,72.21922814963723,10.00724679255214,55.32196939663843
419000002,2026-08-19T05:45:00Z,18.526993446538114,72.22202005515652,10.043049234960314,55.66869905372137
419000002,2026-08-19T05:50:00Z,18.528782935132988,72.22479425233277,9.882924639853039,54.70464649301826
419000002,2026-08-19T05:55:00Z,18.530564845432174,72.22757065909511,10.170339768962263,54.356288709362985
419000002,2026-08-19T06:00:00Z,18.53240869532149,72.23039247687858,9.989294162838716,54.31255209581501
419000002,2026-08-19T06:05:00Z,18.534185568839327,72.23320632988525,9.992217072126921,56.0465841544653
419000002,2026-08-19T06:10:00Z,18.535977791386312,72.23599056950385,10.021097376348521,55.026233399178125
419000002,2026-08-19T06:15:00Z,18.537764865564352,72.23880655990969,10.138188017133135,54.23306929754193
419000002,2026-08-19T06:20:00Z,18.539634878690524,72.24160877986318,10.066239054143765,54.851714523232644
419000002,2026-08-19T06:25:00Z,18.541368559194886,72.24439866093655,9.906239424592414,54.740860078816866
419000002,2026-08-19T06:30:00Z,18.54315417420983,72.24720608733459,10.005762685858606,55.206945142686344
419000002,2026-08-19T06:35:00Z,18.545021369431122,72.2500046575604,10.018752071415896,55.135171619640865
419000002,2026-08-19T06:40:00Z,18.54680404612384,72.25281688770382,10.000914084444853,55.664480295218496
419000002,2026-08-19T06:45:00Z,18.54856795480918,72.25557496705572,9.871897765030491,54.60293185498729
419000002,2026-08-19T06:50:00Z,18.550415202661707,72.25840458422749,10.042405176448117,54.647663368565055
419000002,2026-08-19T06:55:00Z,18.55217035629205,72.2611533276776,9.945738844787586,55.37471694986387
419000002,2026-08-19T07:00:00Z,18.553982237322924,72.26399283966624,10.064286801550288,55.86038491558299
419000002,2026-08-19T07:05:00Z,18.55578691433447,72.26680855780882,9.984860452725087,55.16433100114124
419000002,2026-08-19T07:10:00Z,18.5576390202512,72.26964153961059,10.005550490810622,55.080095296658534
419000002,2026-08-19T07:15:00Z,18.55939413616827,72.27243874462326,10.088479469592583,54.51895444182919
419000002,2026-08-19T07:20:00Z,18.56120446159485,72.27522866429014,10.007321614253856,55.2903885476649
419000002,2026-08-19T07:25:00Z,18.56299382653889,72.27801871094252,9.85348751326279,54.83219631594068
419000002,2026-08-19T07:30:00Z,18.56478880855428,72.28080930160421,9.875123331760445,54.85133831865118
419000002,2026-08-19T07:35:00Z,18.566626715686727,72.28359617312027,10.112305711365325,54.778732144053905
419000002,2026-08-19T07:40:00Z,18.568389224573647,72.28642295625322,9.808459175607963,54.60671711244792
419000002,2026-08-19T07:45:00Z,18.570207700758754,72.28921113066886,10.023713440064693,56.01753665136553
419000002,2026-08-19T07:50:00Z,18.57201800369128,72.29201478825345,9.987228135406239,54.67354192766764
419000002,2026-08-19T07:55:00Z,18.573794949653312,72.29480726908676,9.80720624273601,54.42182616986733
419000002,2026-08-19T08:00:00Z,18.575636425977017,72.29756696481704,9.897514463452334,54.78819669676958
419000002,2026-08-19T08:05:00Z,18.577415258529648,72.30040896198729,9.865152214609216,55.26901721996413
419000002,2026-08-19T08:10:00Z,18.57919118695157,72.30320064215348,10.021513075814289,54.69016703293569
419000002,2026-08-19T08:15:00Z,18.580993790320477,72.30599427554101,9.98480609271822,54.443305979039074
419000002,2026-08-19T08:20:00Z,18.58280328781406,72.30879219072102,10.147826001036483,54.912913633097524
419000002,2026-08-19T08:25:00Z,18.5845819515381,72.31159315318124,9.99347297842519,54.14717389199224
419000002,2026-08-19T08:30:00Z,18.586447652045656,72.31440840377198,10.031016251300962,54.916536034945715
419000002,2026-08-19T08:35:00Z,18.588206281544476,72.31719508477002,10.07616429225119,53.87411135469048
419000002,2026-08-19T08:40:00Z,18.590020983472428,72.31998048082369,9.927154009286284,55.27927447963711
419000002,2026-08-19T08:45:00Z,18.591792980952356,72.32277955439437,9.992305685046134,55.56400942867465
419000002,2026-08-19T08:50:00Z,18.593610974776375,72.32559624658019,10.02225149811637,55.079059542452555
419000002,2026-08-19T08:55:00Z,18.59543595189045,72.32841032595144,9.970262664273145,54.55343468920757
419000002,2026-08-19T09:00:00Z,18.597224993305343,72.33121270742286,10.059201138904347,55.318453141686106
419000002,2026-08-19T09:05:00Z,18.599000241063614,72.33400405594554,9.912522290363041,55.19849565224942
419000002,2026-08-19T09:10:00Z,18.60077835145605,72.33679697896245,9.9403121394678,54.37484223053843
419000002,2026-08-19T09:15:00Z,18.602606892098095,72.33960758560069,10.102986488928405,55.54998982517104
419000002,2026-08-19T09:20:00Z,18.604391960148394,72.34240488208779,10.021856321828169,54.430285499454214
419000002,2026-08-19T09:25:00Z,18.60620791867749,72.34523122876404,9.909777538808664,54.81009674410505
419000002,2026-08-19T09:30:00Z,18.608002621156523,72.34800730948946,10.254308294349403,55.4256427874224
419000002,2026-08-19T09:35:00Z,18.609761260661347,72.35081333145338,9.921438446413577,54.278850432220295
419000002,2026-08-19T09:40:00Z,18.611614485653547,72.35360126004737,9.848644299735048,54.020704279801485
419000002,2026-08-19T09:45:00Z,18.61342489894757,72.35639137321124,9.799864012467228,54.14800356869481
419000002,2026-08-19T09:50:00Z,18.61520779383411,72.35920205106368,9.988204600806547,55.79413805357463
419000002,2026-08-19T09:55:00Z,18.6170197481029,72.36202315015517,10.114904140525063,55.26470670356286
419000002,2026-08-19T10:00:00Z,18.6187953546134,72.36480151426576,10.000481334434886,55.22416203298658
419000002,2026-08-19T10:05:00Z,18.62060981533418,72.36762400612517,10.02314873255657,54.822150842214484
419000002,2026-08-19T10:10:00Z,18.62239031939737,72.37044485840624,9.999846411745892,55.204018088440634
419000002,2026-08-19T10:15:00Z,18.624194344085016,72.3731978763614,10.017849761472494,55.30840709984489
419000002,2026-08-19T10:20:00Z,18.626007487729034,72.37601263962968,9.88765847215274,55.1655200774981
419000002,2026-08-19T10:25:00Z,18.62780261528376,72.37881647506265,9.995257388317926,54.635356531813166
419000002,2026-08-19T10:30:00Z,18.629589985105124,72.38156689809314,9.916396503233095,54.48947741966084
419000002,2026-08-19T10:35:00Z,18.631356395798708,72.38440072119855,9.999629362222052,55.52276613739484
419000002,2026-08-19T10:40:00Z,18.633180904163655,72.38721947788257,10.05588530762972,55.05096294368633
419000002,2026-08-19T10:45:00Z,18.634972453686892,72.39002944029133,10.011987393118982,55.20558595900798
419000002,2026-08-19T10:50:00Z,18.636828902519138,72.3927984528764,9.984249144103687,54.442691518466034
419000002,2026-08-19T10:55:00Z,18.638608651889033,72.39560123832968,10.008831658048978,54.79583341858667
419000002,2026-08-19T11:00:00Z,18.640431583710058,72.39840989113311,10.077893080907527,55.6209799984069
419000002,2026-08-19T11:05:00Z,18.642229747965793,72.40119456651233,9.90782009269786,54.879781401464825
419000002,2026-08-19T11:10:00Z,18.64399631648507,72.40399459689742,10.141707299381414,54.95077699884606
419000002,2026-08-19T11:15:00Z,18.645798224071047,72.40680007592503,10.137503600243988,53.84019463662439
419000002,2026-08-19T11:20:00Z,18.647605452905267,72.40958877033948,10.05582534712,55.05530656128934
419000002,2026-08-19T11:25:00Z,18.649449148481843,72.41243603483896,9.967060046585228,54.818208354846604
419000002,2026-08-19T11:30:00Z,18.651173590220317,72.41521709371462,9.935983064271852,55.31642895730365
419000002,2026-08-19T11:35:00Z,18.653038675869702,72.41803920969203,9.9017600095342,54.53673344442142
419000002,2026-08-19T11:40:00Z,18.654845632657548,72.42080595022142,10.07094072435238,54.75546126594054
419000002,2026-08-19T11:45:00Z,18.656608219651538,72.42361565117652,9.927928240375634,55.261975477096335
419000002,2026-08-19T11:50:00Z,18.658400531706828,72.42641141074073,10.049455257173223,55.775940060061245
419000002,2026-08-19T11:55:00Z,18.660219345984718,72.42923033585315,9.936247120856265,55.15098537125964
419000002,2026-08-19T12:00:00Z,18.661999008823248,72.43199769002241,9.933115430812338,55.33104076729088
419000002,2026-08-19T12:05:00Z,18.663807273963005,72.43479563941744,10.09548948574851,53.91469229510229
419000002,2026-08-19T12:10:00Z,18.665592108542963,72.43755741604222,10.020611233673693,55.42274155424093
419000002,2026-08-19T12:15:00Z,18.66738007162748,72.4404246580387,9.777760457541714,54.82623829390324
419000002,2026-08-19T12:20:00Z,18.66918478982304,72.44318878491673,9.998220176412064,54.21855782733007
419000002,2026-08-19T12:25:00Z,18.671008239431643,72.44603718989616,10.037484222280495,55.32894400521659
419000002,2026-08-19T12:30:00Z,18.672818318606044,72.44879781709697,9.979769484294573,55.281136435957244
419000002,2026-08-19T12:35:00Z,18.674565335817938,72.45161724000103,9.969625077988596,55.18847389284769
419000002,2026-08-19T12:40:00Z,18.676411121505478,72.45440354522735,10.02329851334779,55.736805696126545
419000002,2026-08-19T12:45:00Z,18.678186561759528,72.45722954787269,9.956595374391053,55.23110624450531
419000002,2026-08-19T12:50:00Z,18.679988386971946,72.46001389341224,10.020472548008337,55.325874070701516
419000002,2026-08-19T12:55:00Z,18.681819422780137,72.46280056044374,9.982621907342505,54.895295586480195
419000002,2026-08-19T13:00:00Z,18.683582636131387,72.46556729073504,10.018955888923676,54.9582756083867
419000002,2026-08-19T13:05:00Z,18.68544651559584,72.46843032880201,9.975474750297035,54.70338990756482
419000002,2026-08-19T13:10:00Z,18.687219259211467,72.47118550777898,9.931699262193007,55.22985297750749
419000002,2026-08-19T13:15:00Z,18.688996184790792,72.47399674402007,10.167679900018035,54.27143104354022
419000002,2026-08-19T13:20:00Z,18.690806567359456,72.47680357481927,9.950696552944631,54.98865736233718
419000002,2026-08-19T13:25:00Z,18.692626502934576,72.47960660579892,9.983061295796448,55.24935972053486
419000002,2026-08-19T13:30:00Z,18.694385702468765,72.48242624050526,9.974786048809182,54.03273463214344
419000002,2026-08-19T13:35:00Z,18.696211107204572,72.48520618783141,10.078518379944649,54.41758595176948
419000002,2026-08-19T13:40:00Z,18.6980272770065,72.48799526682352,9.857540951394922,54.598379954024146
419000002,2026-08-19T13:45:00Z,18.69981618242622,72.49079708379085,9.968636816330342,55.06996215601956
419000002,2026-08-19T13:50:00Z,18.70160683017371,72.49359974122464,9.88371205760547,54.36880535057142
419000002,2026-08-19T13:55:00Z,18.70335311313383,72.49641885531604,9.921200405782045,54.772236077498285
419000002,2026-08-19T14:00:00Z,18.705198901302676,72.49922265379641,10.101163184747042,54.289118175327715
419000002,2026-08-19T14:05:00Z,18.70698643856943,72.50201064258749,10.233139571873233,54.111506680336966
419000002,2026-08-19T14:10:00Z,18.708807501243037,72.50482155686711,9.902409940412678,54.58461505919733
419000002,2026-08-19T14:15:00Z,18.71055171784298,72.50761296788023,9.88063153316216,55.02672895630874
419000002,2026-08-19T14:20:00Z,18.712407769484017,72.51036480368585,10.060143717266836,55.064310796245636
419000002,2026-08-19T14:25:00Z,18.71419821359195,72.5131680389525,10.010809876149446,55.225010336710916
419000002,2026-08-19T14:30:00Z,18.715987209932184,72.51601280427319,9.956934703771074,55.123973780425935
419000002,2026-08-19T14:35:00Z,18.717765245708097,72.51880407266358,9.909763758119546,54.75329932980866
419000002,2026-08-19T14:40:00Z,18.719612819814387,72.52159773663182,9.918985291888948,55.06329835513885
419000002,2026-08-19T14:45:00Z,18.72138118939569,72.52438941455387,10.005862025166856,55.0187616161698
419000002,2026-08-19T14:50:00Z,18.723192227336376,72.5272295478733,10.04052665233522,54.3440984171114
419000002,2026-08-19T14:55:00Z,18.725021983831112,72.53001257592587,10.136795516320966,56.133822101949626
419000002,2026-08-19T15:00:00Z,18.726781644929254,72.53285619137941,9.963889243922848,55.03600882095853
419000002,2026-08-19T15:05:00Z,18.728551272486737,72.53558033168044,10.05502089052799,55.606441845861575
419000002,2026-08-19T15:10:00Z,18.730393453891395,72.53839703855192,9.954922285965994,54.778493923379266
419000002,2026-08-19T15:15:00Z,18.732160943689397,72.5411605233226,10.021904307625881,54.99644157243574
419000002,2026-08-19T15:20:00Z,18.733982407151455,72.54401347588788,10.068842376636916,55.77940812389954
419000002,2026-08-19T15:25:00Z,18.735829565578715,72.54678198615633,9.953014338978898,55.005492756763765
419000002,2026-08-19T15:30:00Z,18.737594013241846,72.54961344228632,10.038010245387841,54.65403315191269
419000002,2026-08-19T15:35:00Z,18.73939581935488,72.55241357047903,9.970337746443034,55.117784935319946
419000002,2026-08-19T15:40:00Z,18.74121449709343,72.55522844212702,9.963455201540906,55.05072371532503
419000002,2026-08-19T15:45:00Z,18.742994671729317,72.55798836812131,9.875918447012156,55.22650937815609
419000002,2026-08-19T15:50:00Z,18.74479060326983,72.56080870916672,9.937565323628444,55.25491035388806
419000002,2026-08-19T15:55:00Z,18.74656156990939,72.56362257982202,9.995591832076617,54.40380233477878
419000002,2026-08-19T16:00:00Z,18.74839933410521,72.56637676131187,9.945818065279258,54.59919057961577
419000002,2026-08-19T16:05:00Z,18.750201128231343,72.56920490742019,9.857888136292617,54.67301843318154
419000002,2026-08-19T16:10:00Z,18.75198531224485,72.57200970187738,10.019071069986994,54.955693027373414
419000002,2026-08-19T16:15:00Z,18.75383150165655,72.5748097733705,10.013650006283184,54.719775265598464
419000002,2026-08-19T16:20:00Z,18.755604633208886,72.57761930340986,10.007029410966458,55.19600546868288
419000002,2026-08-19T16:25:00Z,18.757398116108494,72.5803777813781,10.09510272914831,55.312837785798074
419000002,2026-08-19T16:30:00Z,18.7592002936028,72.58318420027292,10.010394388333285,54.965100607118934
419000002,2026-08-19T16:35:00Z,18.76100227496307,72.58601473673063,9.962995542694033,55.498277442249204
419000002,2026-08-19T16:40:00Z,18.762802045133192,72.58877754085903,10.061349383466325,54.38764761117473
419000002,2026-08-19T16:45:00Z,18.76460545725036,72.59160759375163,9.9752782107843,54.91356445877828
419000002,2026-08-19T16:50:00Z,18.7663993105027,72.59440107505127,9.82751935951525,54.54243767026025
419000002,2026-08-19T16:55:00Z,18.768203902079463,72.59721258808013,10.010549905049691,55.40938197517372
419000002,2026-08-19T17:00:00Z,18.769994406463375,72.59998975877163,10.112070548825038,54.476356426808096
419000002,2026-08-19T17:05:00Z,18.771804301962714,72.60281545079616,10.044411654555587,55.02210850145009
419000002,2026-08-19T17:10:00Z,18.773592439214163,72.60560648178446,9.936095540408562,54.82423763242836
419000002,2026-08-19T17:15:00Z,18.77538114640171,72.60841873138712,9.97084981656854,55.06368123782824
419000002,2026-08-19T17:20:00Z,18.777189569227104,72.61118112092952,10.104092667892163,55.31671077051367
419000002,2026-08-19T17:25:00Z,18.77900670084735,72.61400103396643,10.038482293181092,55.25386422581913
419000002,2026-08-19T17:30:00Z,18.780840218522247,72.61681097965749,10.058087868915706,54.53446325602895
419000002,2026-08-19T17:35:00Z,18.782601816000472,72.61961209583166,10.08646849639607,54.852826138236374
419000002,2026-08-19T17:40:00Z,18.784400225553934,72.62239803852864,9.948058966431189,54.25721899838447
419000002,2026-08-19T17:45:00Z,18.786209701635343,72.62517844877343,9.89704740475709,55.791414723386666
419000002,2026-08-19T17:50:00Z,18.788009845938237,72.6279875896276,9.873426638709846,54.62768832178072
419000002,2026-08-19T17:55:00Z,18.78982169172783,72.63081101848762,9.809816760661601,54.607610376422
419000002,2026-08-19T18:00:00Z,18.7916126254946,72.63361816786595,10.010149358103668,53.4681100668438
419000002,2026-08-19T18:05:00Z,18.793413949766236,72.63644554860898,10.077680506876735,54.209830341077236
419000002,2026-08-19T18:10:00Z,18.795190195557,72.63918219958501,9.7789859595461,54.782650263138436
419000002,2026-08-19T18:15:00Z,18.797009922414162,72.64200732665869,9.976937163349815,55.20249115946234
419000002,2026-08-19T18:20:00Z,18.798803389477424,72.6448199934804,9.927831108945515,54.22374626334997
419000002,2026-08-19T18:25:00Z,18.800558904773848,72.64759622827735,10.06493885679972,54.515099802442464
419000002,2026-08-19T18:30:00Z,18.802403001622604,72.65040647980513,10.09674116547403,55.785667908041184
419000003,2026-08-19T04:30:00Z,18.89999966397685,72.74998293912145,7.061557858240398,225.38889596771446
419000003,2026-08-19T04:35:00Z,18.899324450826775,72.74849690941036,6.970017052448583,224.82393322475588
419000003,2026-08-19T04:40:00Z,18.898597721050844,72.74698319687046,6.942286314901613,225.32529639391234
419000003,2026-08-19T04:45:00Z,18.897905782387973,72.74551262576452,6.897999092610103,224.84016439182136
419000003,2026-08-19T04:50:00Z,18.897214224531595,72.74401586694471,6.97558924494261,224.76882410366773
419000003,2026-08-19T04:55:00Z,18.896512511807877,72.74249381306922,7.031974266629018,224.66903702946666
419000003,2026-08-19T05:00:00Z,18.89579153403376,72.74099840563578,6.881886589622938,224.27644376378845
419000003,2026-08-19T05:05:00Z,18.8950809995589,72.73949321933848,7.058821569622018,224.13633978840383
419000003,2026-08-19T05:10:00Z,18.894379530050145,72.7380035855127,7.015399767878024,225.6795937876202
419000003,2026-08-19T05:15:00Z,18.89367058387411,72.73647968841838,7.021945969321513,225.4190632839472
419000003,2026-08-19T05:20:00Z,18.893021319604614,72.73500314097134,6.988895561407292,224.4821731235871
419000003,2026-08-19T05:25:00Z,18.892342569394646,72.73348357226642,7.058694244261544,224.54853641095647
419000003,2026-08-19T05:30:00Z,18.891631581825123,72.73200319983228,6.991695317172308,225.14291306980127
419000003,2026-08-19T05:35:00Z,18.890934473314413,72.73049640961574,6.973176887520481,225.7307221461211
419000003,2026-08-19T05:40:00Z,18.89015899655798,72.72899902563196,6.940973881079499,224.39059346978817
419000003,2026-08-19T05:45:00Z,18.889496909886414,72.72748608114777,6.984329882818365,225.1212483956356
419000003,2026-08-19T05:50:00Z,18.888806312100073,72.72602411707241,6.948964131357948,224.6729267799661
419000003,2026-08-19T05:55:00Z,18.88807806428843,72.72453673827057,7.203354701846829,224.41421668558732
419000003,2026-08-19T06:00:00Z,18.88739523652512,72.7229946722502,7.0162518922738375,224.7223363905905
419000003,2026-08-19T06:05:00Z,18.88673146709805,72.72150771693106,6.9465859953213664,224.4437942640083
419000003,2026-08-19T06:10:00Z,18.885994156576285,72.71999793023464,6.982361583525518,225.07628125605123
419000003,2026-08-19T06:15:00Z,18.885317276560272,72.71849342949554,6.995707295791981,224.47355074464804
419000003,2026-08-19T06:20:00Z,18.884601330916315,72.71698605152353,7.06927087542164,224.41084818844257
419000003,2026-08-19T06:25:00Z,18.88393022456866,72.71551275067623,6.951074869999488,224.4931413167798
419000003,2026-08-19T06:30:00Z,18.88323232419363,72.71395873523446,6.958622760236622,225.29545316139667
419000003,2026-08-19T06:35:00Z,18.882482733094704,72.7124970494264,6.989323422728335,225.19169693217674
419000003,2026-08-19T06:40:00Z,18.88181713587965,72.71101683640134,7.0387881550926865,226.16382655017304
419000003,2026-08-19T06:45:00Z,18.88110879273212,72.70951048375686,7.019339192552999,224.29361705805383
419000003,2026-08-19T06:50:00Z,18.88039640777172,72.70800393552193,7.057436993279219,224.80312941388772
419000003,2026-08-19T06:55:00Z,18.879694302318672,72.70650395580165,7.076245224769756,225.66384306613384
419000003,2026-08-19T07:00:00Z,18.87897235636969,72.70500785654936,6.927161924258972,225.2373485442316
419000003,2026-08-19T07:05:00Z,18.878307238437078,72.70352641323312,6.976004969439494,224.26157109157714
419000003,2026-08-19T07:10:00Z,18.877621524803146,72.70198308677934,7.023314926083278,224.98706857602306
419000003,2026-08-19T07:15:00Z,18.876906954169048,72.70049185843529,6.980094531337193,225.0926628247077
419000003,2026-08-19T07:20:00Z,18.87619886433611,72.69899659184837,6.945436232229221,225.21515067947877
419000003,2026-08-19T07:25:00Z,18.875460183760097,72.6974700987834,7.095470356086974,225.44759249098584
419000003,2026-08-19T07:30:00Z,18.874801989549457,72.69599827798696,7.055356428518306,225.172322613118
419000003,2026-08-19T07:35:00Z,18.874129100911524,72.69450262971634,7.0180760176325885,225.78235901083497
419000003,2026-08-19T07:40:00Z,18.873366270636975,72.69298347541067,7.017336613077626,224.91038668727512
419000003,2026-08-19T07:45:00Z,18.87269825811658,72.69149385833563,6.947253069374984,224.48386866471108
419000003,2026-08-19T07:50:00Z,18.872010968558417,72.69000375947175,6.898631091840946,224.9660098720078
419000003,2026-08-19T07:55:00Z,18.871294124421595,72.68847855733958,7.050007753784146,225.998648265374
419000003,2026-08-19T08:00:00Z,18.87058958823174,72.68701625202576,7.016916180387459,224.11251897017894
419000003,2026-08-19T08:05:00Z,18.869879313838965,72.68550470552223,6.9003385895220655,225.22316107377154
419000003,2026-08-19T08:10:00Z,18.869209422725866,72.68398933095305,6.971185317444865,225.68132131990168
419000003,2026-08-19T08:15:00Z,18.86851159122285,72.68251049014751,6.895391606612648,225.34959836584744
419000003,2026-08-19T08:20:00Z,18.86783335775222,72.68097792518604,7.041108141676196,225.15970013189562
419000003,2026-08-19T08:25:00Z,18.86706768683321,72.67950964133672,6.963409691268122,223.7176278290897
419000003,2026-08-19T08:30:00Z,18.866416335517343,72.67801250170402,7.087620750599564,224.73933854068136
419000003,2026-08-19T08:35:00Z,18.865683465899057,72.67648435167332,6.83757507913297,224.5181807778156
419000003,2026-08-19T08:40:00Z,18.864995569277685,72.67501294969381,6.999044724574329,225.35083182404477
419000003,2026-08-19T08:45:00Z,18.864254385243093,72.6734700672262,6.935397949067331,225.73058943336017
419000003,2026-08-19T08:50:00Z,18.86361555534778,72.67201614016564,6.886608960392576,223.87636572232958
419000003,2026-08-19T08:55:00Z,18.862900229025833,72.67049401470592,6.928945246598983,226.02437782543166
419000003,2026-08-19T09:00:00Z,18.86220681582816,72.6689643277774,7.005853475418739,224.72190402057544
419000003,2026-08-19T09:05:00Z,18.861501207718568,72.66747394695767,6.996416202172838,224.9601352180716
419000003,2026-08-19T09:10:00Z,18.86081022443629,72.66600782529319,6.874930474204234,224.93865768125244
419000003,2026-08-19T09:15:00Z,18.86009735542687,72.66447511588242,6.977662538209237,225.10861559740528
419000003,2026-08-19T09:20:00Z,18.85939037517752,72.66302875553879,6.9186544341086,223.94167277551475
419000003,2026-08-19T09:25:00Z,18.858684942161656,72.66148211307909,6.977161659648387,225.71374264184226
419000003,2026-08-19T09:30:00Z,18.857985854709398,72.6600193799574,6.974671722404096,224.7551249085494
419000003,2026-08-19T09:35:00Z,18.857298831775122,72.65850167962007,6.9514545684799405,225.415515928834
419000003,2026-08-19T09:40:00Z,18.85659975361414,72.65699558065364,6.992760592049776,224.9860087717349
419000003,2026-08-19T09:45:00Z,18.855883339265542,72.65548884542225,6.971412796092169,225.01929056149046
419000003,2026-08-19T09:50:00Z,18.855187555851096,72.65404120596341,6.984219798554033,224.36149177751489
419000003,2026-08-19T09:55:00Z,18.85452726857424,72.65246238403144,6.977746541596008,224.5664973718383
419000003,2026-08-19T10:00:00Z,18.853823306150712,72.65103294787995,7.021673405733642,225.2947734430178
419000003,2026-08-19T10:05:00Z,18.853106716825135,72.64944138811249,7.026802001546954,223.1757935873926
419000003,2026-08-19T10:10:00Z,18.85243233748797,72.64800262054231,6.929835921351644,224.94513627415284
419000003,2026-08-19T10:15:00Z,18.851680005755423,72.64647916824735,7.077327545078177,224.79383156389764
419000003,2026-08-19T10:20:00Z,18.85099394760481,72.64499034419683,7.060938892659381,225.7396372553371
419000003,2026-08-19T10:25:00Z,18.85029171053868,72.64351267820756,7.000209530383997,225.17010498843416
419000003,2026-08-19T10:30:00Z,18.84960104346637,72.64199452298989,6.976421762265159,225.30985098274124
419000003,2026-08-19T10:35:00Z,18.848923752687853,72.64050405550097,6.964974724582217,225.24258055627286
419000003,2026-08-19T10:40:00Z,18.848184753530838,72.63898281587963,6.962363619616789,225.27129723164597
419000003,2026-08-19T10:45:00Z,18.847502366958267,72.63750889453637,6.989242042694658,225.72702509072872
419000003,2026-08-19T10:50:00Z,18.84679541414693,72.6359681441148,6.936098540929682,225.11339302305456
419000003,2026-08-19T10:55:00Z,18.846072037806803,72.63446912749595,7.045727141829686,224.86164995495713
419000003,2026-08-19T11:00:00Z,18.845422601986325,72.63301228198354,7.041884293295242,225.25983028667326
419000003,2026-08-19T11:05:00Z,18.844702040625943,72.63150157977432,7.079357633512969,224.81936478749827
419000003,2026-08-19T11:10:00Z,18.843995122077793,72.62995805098085,6.937405485361436,224.86846328777182
419000003,2026-08-19T11:15:00Z,18.84325996908511,72.62848913658338,7.00101695173563,225.345052212382
419000003,2026-08-19T11:20:00Z,18.842600026796934,72.62702945907144,6.828438951002194,224.2911579149202
419000003,2026-08-19T11:25:00Z,18.841877015920055,72.62546183739174,6.991818386951404,224.501074008378
419000003,2026-08-19T11:30:00Z,18.841199787226465,72.62397247225002,6.977866160679317,225.1826818710319
419000003,2026-08-19T11:35:00Z,18.840529698375732,72.62247883437898,6.907422120669582,224.75690293465047
419000003,2026-08-19T11:40:00Z,18.839796280866455,72.62098572892037,6.814380416555656,224.31099536157606
419000003,2026-08-19T11:45:00Z,18.83911457428468,72.61948846705415,7.039167825943132,225.2830938792874
419000003,2026-08-19T11:50:00Z,18.838425539616644,72.61797997417133,7.117851034667662,224.73451174772214
419000003,2026-08-19T11:55:00Z,18.83768549216956,72.6164874303054,7.054214629270576,224.9807308690783
419000003,2026-08-19T12:00:00Z,18.83701300498011,72.6150118710939,7.107587595774235,225.72467240061815
419000003,2026-08-19T12:05:00Z,18.8362597179481,72.61351591677311,7.004232791368215,225.12522315013038
419000003,2026-08-19T12:10:00Z,18.835568487613457,72.61198677166215,6.91897747574366,224.51732440259562
419000003,2026-08-19T12:15:00Z,18.834876399984427,72.61051609140604,6.952742023349957,225.2019770103678
419000003,2026-08-19T12:20:00Z,18.834204575400577,72.60901934932545,7.020505367644811,224.20555121791062
419000003,2026-08-19T12:25:00Z,18.833554214910542,72.60749572390884,6.944148206546705,225.21389819912358
419000003,2026-08-19T12:30:00Z,18.832774162354635,72.60600705254407,7.133906836541223,225.23308883109866
419000003,2026-08-19T12:35:00Z,18.83207746024179,72.60452657262134,7.087194447212031,225.47979526287503
419000003,2026-08-19T12:40:00Z,18.831424520678198,72.60294265890091,6.9777793011613625,224.91767448622804
419000003,2026-08-19T12:45:00Z,18.830662575637678,72.60153724635123,7.042185671241455,224.90875007867487
419000003,2026-08-19T12:50:00Z,18.82999982410621,72.60001026399621,6.970680587925247,226.11486592070477
419000003,2026-08-19T12:55:00Z,18.829307810611926,72.5985280237255,7.012691995250299,224.54427818843135
419000003,2026-08-19T13:00:00Z,18.828591200245906,72.5969408876235,6.912687777121408,225.56042032570159
419000003,2026-08-19T13:05:00Z,18.82789348909977,72.59551019796497,6.992634310602439,224.80237792749827
419000003,2026-08-19T13:10:00Z,18.827219771064847,72.59400080513004,6.909952466544141,224.31987081685534
419000003,2026-08-19T13:15:00Z,18.826492186447947,72.59253411705362,7.031498483894258,225.28165653675822
419000003,2026-08-19T13:20:00Z,18.825787549196946,72.59097856597346,6.975246968087045,224.44800568231418
419000003,2026-08-19T13:25:00Z,18.82505785615305,72.5894991373282,7.139825992446333,225.06617325320133
419000003,2026-08-19T13:30:00Z,18.82437463972166,72.5879450064796,6.983611212390196,224.9058079363678
419000003,2026-08-19T13:35:00Z,18.823740175107723,72.58648081144494,7.05244560490406,224.15632615279333
419000003,2026-08-19T13:40:00Z,18.82301102383457,72.58500791018213,6.8903059224835195,224.6378287402959
419000003,2026-08-19T13:45:00Z,18.82228366849785,72.58347706335836,6.9341845153751995,224.68259341801428
419000003,2026-08-19T13:50:00Z,18.82160058847151,72.58202057561839,6.84500688402699,225.1728632899008
419000003,2026-08-19T13:55:00Z,18.820872271154933,72.58047180060593,6.987831360993376,224.63521140293219
419000003,2026-08-19T14:00:00Z,18.820193752891168,72.57902716242191,7.035565537363935,225.0976315157399
419000003,2026-08-19T14:05:00Z,18.81950648025048,72.57748479619823,7.0404181804263475,225.02327873666394
419000003,2026-08-19T14:10:00Z,18.818802918765883,72.5759996592422,7.019814801160699,225.542257580465
419000003,2026-08-19T14:15:00Z,18.818097616623252,72.57452339076295,6.987494138169028,224.65293071942716
419000003,2026-08-19T14:20:00Z,18.81744773903599,72.57297799728892,6.992813653627156,225.89914385046154
419000003,2026-08-19T14:25:00Z,18.816695451611743,72.57146769898219,7.0691972303996025,225.1822625189964
419000003,2026-08-19T14:30:00Z,18.815997172089958,72.570017461132,6.962563206324701,224.21373587499878
419000003,2026-08-19T14:35:00Z,18.815302828389463,72.5684534925725,7.016577828175162,225.9514537311371
419000003,2026-08-19T14:40:00Z,18.81458832639286,72.56698943147737,7.0424403809276095,224.33080879433808
419000003,2026-08-19T14:45:00Z,18.813898182581408,72.56549938334972,6.984993742320642,224.27901063218
419000003,2026-08-19T14:50:00Z,18.81321342456023,72.56398450696287,6.9596102540035725,225.15690951005357
419000003,2026-08-19T14:55:00Z,18.812479385659362,72.56250140838254,6.91766597783496,224.61119703612587
419000003,2026-08-19T15:00:00Z,18.811774093176307,72.56103412183516,7.078365047656204,225.14845793536804
419000003,2026-08-19T15:05:00Z,18.81112218339623,72.55946815973995,7.021108661476903,225.50775760824146
419000003,2026-08-19T15:10:00Z,18.81039920587435,72.5580088490921,6.978690126600033,224.79517553581599
419000003,2026-08-19T15:15:00Z,18.80970340353886,72.55649075745849,7.046504757196796,225.46631942149557
419000003,2026-08-19T15:20:00Z,18.808982477801514,72.55499547090831,7.052309043580042,225.02870503571907
419000003,2026-08-19T15:25:00Z,18.808317579080555,72.5534700525366,6.908279227516419,223.98113574613265
419000003,2026-08-19T15:30:00Z,18.80759662696493,72.55202087486796,7.027536380917787,224.30151897112444
419000003,2026-08-19T15:35:00Z,18.80691743868733,72.55048876386913,6.956866508200651,224.40281725963777
419000003,2026-08-19T15:40:00Z,18.80615984213898,72.54900533472336,6.92555081893957,225.09981750895577
419000003,2026-08-19T15:45:00Z,18.80549100059236,72.54747848528082,6.961179931605169,225.5356522694648
419000003,2026-08-19T15:50:00Z,18.80481103717543,72.5459416568024,7.083321399245708,223.47618371732364
419000003,2026-08-19T15:55:00Z,18.804088337698552,72.54447965551317,7.060635764060097,225.36621390488142
419000003,2026-08-19T16:00:00Z,18.80337450763196,72.5430018965372,6.914045911451571,223.9098168956309
419000003,2026-08-19T16:05:00Z,18.802704306052597,72.54147950942173,7.063564399046259,224.39865170704948
419000003,2026-08-19T16:10:00Z,18.80199139083333,72.54001593088061,6.983491602933007,224.84665135608702
419000003,2026-08-19T16:15:00Z,18.80130062094401,72.5384949587437,6.944981637444805,224.85506219226255
419000003,2026-08-19T16:20:00Z,18.80060607674851,72.53699816919962,6.962842472030925,226.10707630789597
419000003,2026-08-19T16:25:00Z,18.799874709160157,72.5355355436568,7.046115815785633,224.99490194218748
419000003,2026-08-19T16:30:00Z,18.799173330513625,72.53397056375297,7.039560736516684,223.69905584247417
419000003,2026-08-19T16:35:00Z,18.798480126042456,72.53250589185684,7.064584780595149,225.33001874589516
419000003,2026-08-19T16:40:00Z,18.797823178991646,72.53105714876847,7.025651580260009,225.29155406782888
419000003,2026-08-19T16:45:00Z,18.79711929101364,72.52949935325762,7.037148575661731,224.90199785107748
419000003,2026-08-19T16:50:00Z,18.796408145277873,72.52800774117459,6.919242755852017,225.07922402524986
419000003,2026-08-19T16:55:00Z,18.79570189185066,72.52651569377431,7.060957593925664,224.5977366848876
419000003,2026-08-19T17:00:00Z,18.794984036932842,72.52500422772951,7.027331845243772,225.24817151717036
419000003,2026-08-19T17:05:00Z,18.794283817480302,72.52350135342516,6.998038755057298,225.0965907899066
419000003,2026-08-19T17:10:00Z,18.793604978678207,72.52201692608125,7.02233663838165,225.62955742466735
419000003,2026-08-19T17:15:00Z,18.79289872982651,72.52051462984815,6.940727913498119,224.46221385692849
419000003,2026-08-19T17:20:00Z,18.792212099867513,72.51902494422843,7.196885447376711,224.14538694804492
419000003,2026-08-19T17:25:00Z,18.791512060137066,72.51749253182126,7.148480038184356,225.11721555824104
419000003,2026-08-19T17:30:00Z,18.790780017102172,72.51600073610999,7.012110499775655,224.07184421644277
419000003,2026-08-19T17:35:00Z,18.790090876876075,72.51450875311347,7.04275914414876,224.78289978337057
419000003,2026-08-19T17:40:00Z,18.789401853588917,72.51298463288681,7.006019543652334,224.60297822915058
419000003,2026-08-19T17:45:00Z,18.7886815304044,72.51147912111857,6.997263075514842,224.9549037933113
419000003,2026-08-19T17:50:00Z,18.787998905911262,72.5100233134418,6.927439261759124,224.95774005924426
419000003,2026-08-19T17:55:00Z,18.787302764102584,72.50849610040227,7.033432751082974,225.39468327783484
419000003,2026-08-19T18:00:00Z,18.786574438232744,72.50703772378317,6.961742354488013,224.0079283884355
419000003,2026-08-19T18:05:00Z,18.785908933230303,72.50552282961536,7.0841890564575305,224.78669750847044
419000003,2026-08-19T18:10:00Z,18.785207387161194,72.5039901355631,7.135476682847037,225.00668790635794
419000003,2026-08-19T18:15:00Z,18.78454468772492,72.50249459206115,7.029362542499728,225.62888947543473
419000003,2026-08-19T18:20:00Z,18.783805215087682,72.50099932793121,6.965592142168998,225.04233064036637
419000003,2026-08-19T18:25:00Z,18.783096472680988,72.49948616460513,7.105142047629019,225.37472850770328
419000003,2026-08-19T18:30:00Z,18.7824313999697,72.49798003952814,6.975341447553516,225.2401671479407
419000004,2026-08-19T04:30:00Z,20.2,74.0,9.00330153487806,40.33817236209041
419000004,2026-08-19T04:35:00Z,20.2004,74.0005,9.026615459277668,40.109633219309224
419000004,2026-08-19T04:40:00Z,20.2008,74.001,9.037162708560173,40.16294628049156
419000004,2026-08-19T04:45:00Z,20.2012,74.0015,8.976481367285361,39.808336645527
419000004,2026-08-19T04:50:00Z,20.2016,74.002,9.042898794062857,39.942608702535516
419000004,2026-08-19T04:55:00Z,20.201999999999998,74.0025,8.981847307671746,39.8854786318005
419000004,2026-08-19T05:00:00Z,20.2024,74.003,8.93386501938228,39.70082595171956
419000004,2026-08-19T05:05:00Z,20.2028,74.0035,9.021721182177293,40.071320680699685
419000004,2026-08-19T05:10:00Z,20.2032,74.004,9.041755562295728,40.10706131774485
419000004,2026-08-19T05:15:00Z,20.203599999999998,74.0045,9.099836544584589,40.8741587398022
419000004,2026-08-19T05:20:00Z,20.204,74.005,8.916265852764782,39.854107627278
419000004,2026-08-19T05:25:00Z,20.2044,74.0055,9.046578650643712,40.11548528983176
419000004,2026-08-19T05:30:00Z,20.2048,74.006,9.06530008708534,40.06581475040916
419000004,2026-08-19T05:35:00Z,20.205199999999998,74.0065,8.944647715897826,39.73158189431325
419000004,2026-08-19T05:40:00Z,20.2056,74.007,8.956092381653562,39.899762967789755
419000004,2026-08-19T05:45:00Z,20.206,74.0075,9.008828667922685,39.67468357832999
419000004,2026-08-19T05:50:00Z,20.2064,74.008,8.892635548513066,39.95120022383653
419000004,2026-08-19T05:55:00Z,20.206799999999998,74.0085,8.9815875521606,40.10246666528215
419000004,2026-08-19T06:00:00Z,20.2072,74.009,9.023576926127257,40.303814745345946
419000004,2026-08-19T06:05:00Z,20.2076,74.0095,9.059557147654443,40.07882476754414
419000004,2026-08-19T06:10:00Z,20.208,74.01,9.073574598649659,39.23000246772061
419000004,2026-08-19T06:15:00Z,20.2084,74.0105,8.983277191382205,40.39001337840969
419000004,2026-08-19T06:20:00Z,20.2088,74.011,9.039117517120882,39.94280468274845
419000004,2026-08-19T06:25:00Z,20.2092,74.0115,9.001639104643813,39.63503195518566
419000004,2026-08-19T06:30:00Z,20.2096,74.012,8.920920280027303,40.44278471441605
419000004,2026-08-19T06:35:00Z,20.21,74.0125,9.049991212345514,39.68243917540648
419000004,2026-08-19T06:40:00Z,20.2104,74.013,8.989741915556698,39.39894331238005
419000004,2026-08-19T06:45:00Z,20.2108,74.0135,8.884494828168368,40.016306075617116
419000004,2026-08-19T06:50:00Z,20.211199999999998,74.014,9.026058362786605,39.92024836242538
419000004,2026-08-19T06:55:00Z,20.2116,74.0145,8.996543103263694,40.40607576687082
419000004,2026-08-19T07:00:00Z,20.212,74.015,8.993445667465613,39.45072825224574
419000004,2026-08-19T07:05:00Z,20.2124,74.0155,9.0533611208286,39.90055354837082
419000004,2026-08-19T07:10:00Z,20.212799999999998,74.016,9.015695410572878,39.74998935821518
419000004,2026-08-19T07:15:00Z,20.2132,74.0165,9.03095855584877,39.898222454834794
419000004,2026-08-19T07:20:00Z,20.2136,74.017,8.957423140540712,40.19967557089403
419000004,2026-08-19T07:25:00Z,20.214,74.0175,8.964025988335761,39.54924896318773
419000004,2026-08-19T07:30:00Z,20.214399999999998,74.018,9.0334163009054,39.79348831533077
419000004,2026-08-19T07:35:00Z,20.2148,74.0185,8.981911476127792,39.717663371222514
419000004,2026-08-19T07:40:00Z,20.2152,74.019,8.987331121552598,39.95224453858598
419000004,2026-08-19T07:45:00Z,20.2156,74.0195,8.937776410619946,39.733360806030724
419000004,2026-08-19T07:50:00Z,20.215999999999998,74.02,9.013101790603718,39.73009156405367
419000004,2026-08-19T07:55:00Z,20.2164,74.0205,8.941169264028535,39.74876097877444
419000004,2026-08-19T08:00:00Z,20.2168,74.021,9.025770520145041,39.82673833379331
419000004,2026-08-19T08:05:00Z,20.2172,74.0215,8.959670054784631,39.615209604921844
419000004,2026-08-19T08:10:00Z,20.2176,74.022,8.947970697374378,39.27616590072115
419000004,2026-08-19T08:15:00Z,20.218,74.0225,9.102634249097294,40.05158809973112
419000004,2026-08-19T08:20:00Z,20.2184,74.023,8.95654763760676,40.05321883439108
419000004,2026-08-19T08:25:00Z,20.218799999999998,74.0235,9.039242201830406,40.081710926582275
419000004,2026-08-19T08:30:00Z,20.2192,74.024,8.978229626352801,39.8562690487264
419000004,2026-08-19T08:35:00Z,20.2196,74.0245,8.954242194207703,39.93966860364435
419000004,2026-08-19T08:40:00Z,20.22,74.025,8.948246094297968,39.99637460476352
419000004,2026-08-19T08:45:00Z,20.220399999999998,74.0255,9.014129349145964,40.230195172138366
419000004,2026-08-19T08:50:00Z,20.2208,74.026,9.050087269882575,40.35631752797858
419000004,2026-08-19T08:55:00Z,20.2212,74.0265,9.089258420103606,40.340814605066626
419000004,2026-08-19T09:00:00Z,20.2216,74.027,8.936007952117999,40.50454498579025
419000004,2026-08-19T09:05:00Z,20.221999999999998,74.0275,9.089878058332232,40.268263998554026
419000004,2026-08-19T09:10:00Z,20.2224,74.028,9.049785069294996,40.31776712166889
419000004,2026-08-19T09:15:00Z,20.2228,74.0285,8.98989583773053,39.8266317675767
419000004,2026-08-19T09:20:00Z,20.2232,74.029,8.906907742337875,40.008732983973
419000004,2026-08-19T09:25:00Z,20.223599999999998,74.0295,9.091869333774376,39.899218232487954
419000004,2026-08-19T09:30:00Z,20.224,74.03,9.045430067994605,40.00932567633134
419000004,2026-08-19T09:35:00Z,20.2244,74.0305,8.932891241681455,39.877916875368236
419000004,2026-08-19T09:40:00Z,20.2248,74.031,9.01127799197551,40.28429488295449
419000004,2026-08-19T09:45:00Z,20.2252,74.0315,8.984412683458878,40.31480188316302
419000004,2026-08-19T09:50:00Z,20.2256,74.032,9.003495979049742,39.67712643990437
419000004,2026-08-19T09:55:00Z,20.226,74.0325,9.00596129305637,39.828565234240976
419000004,2026-08-19T10:00:00Z,20.226399999999998,74.033,8.942456774540721,39.97363697727531
419000004,2026-08-19T10:05:00Z,20.2268,74.0335,8.913826829629729,40.13553058028229
419000004,2026-08-19T10:10:00Z,20.2272,74.034,8.998219463190495,39.59057750433953
419000004,2026-08-19T10:15:00Z,20.2276,74.0345,8.929157895370157,40.13314381281493
419000004,2026-08-19T10:20:00Z,20.227999999999998,74.035,9.089718502730017,40.39444236145177
419000004,2026-08-19T10:25:00Z,20.2284,74.0355,9.03350396211011,39.88754756113072
419000004,2026-08-19T10:30:00Z,20.2288,74.036,9.016993768059635,40.094814361193286
419000004,2026-08-19T10:35:00Z,20.2292,74.0365,8.973604118133784,39.999582204567
419000004,2026-08-19T10:40:00Z,20.229599999999998,74.037,8.95221874162993,40.13125367458596
419000004,2026-08-19T10:45:00Z,20.23,74.0375,8.977176442788764,40.339670371653774
419000004,2026-08-19T10:50:00Z,20.2304,74.038,9.06595065988707,40.84276325836885
419000004,2026-08-19T10:55:00Z,20.2308,74.0385,8.970195555017192,40.00255168801694
419000004,2026-08-19T11:00:00Z,20.231199999999998,74.039,8.945133116272649,40.21021694705787
419000004,2026-08-19T11:05:00Z,20.2316,74.0395,9.017601723590147,39.70341185516962
419000004,2026-08-19T11:10:00Z,20.232,74.04,8.965707366191168,40.41451227801334
419000004,2026-08-19T11:15:00Z,20.2324,74.0405,9.023654359901373,39.88472622613583
419000004,2026-08-19T11:20:00Z,20.2328,74.041,8.940646478681282,39.89102180572936
419000004,2026-08-19T11:25:00Z,20.2332,74.0415,8.9957574734169,39.51993824528696
419000004,2026-08-19T11:30:00Z,20.2336,74.042,9.03064826902373,39.95770363076667
419000004,2026-08-19T11:35:00Z,20.233999999999998,74.0425,9.021011335473728,39.96928098801667
419000004,2026-08-19T11:40:00Z,20.2344,74.043,8.90946906600098,39.32506486661452
419000004,2026-08-19T11:45:00Z,20.2348,74.0435,8.972522368943496,39.6631694703187
419000004,2026-08-19T11:50:00Z,20.2352,74.044,9.052243640622722,40.02039598781533
419000004,2026-08-19T11:55:00Z,20.235599999999998,74.0445,9.08698240209655,39.855330256389124
419000004,2026-08-19T12:00:00Z,20.236,74.045,8.981252765507543,40.11191569553025
419000004,2026-08-19T12:05:00Z,20.2364,74.0455,8.933680194834073,39.99302988674489
419000004,2026-08-19T12:10:00Z,20.2368,74.046,9.002674081341095,39.37467935350346
419000004,2026-08-19T12:15:00Z,20.237199999999998,74.0465,9.028273020958455,40.55086775191901
419000004,2026-08-19T12:20:00Z,20.2376,74.047,8.993809535283518,40.22260867089385
419000004,2026-08-19T12:25:00Z,20.238,74.0475,9.021949551469445,39.84198538241614
419000004,2026-08-19T12:30:00Z,20.2384,74.048,8.981189394810826,39.847868415871524
419000004,2026-08-19T12:35:00Z,20.238799999999998,74.0485,8.924262261210323,40.24873632131982
419000004,2026-08-19T12:40:00Z,20.2392,74.049,8.912395071363651,40.028254917469695
419000004,2026-08-19T12:45:00Z,20.2396,74.0495,9.028777325499995,39.57705417131566
419000004,2026-08-19T12:50:00Z,20.24,74.05,8.921603479178476,40.378281197068894
419000004,2026-08-19T12:55:00Z,20.2404,74.0505,9.04122135311925,40.27634522391844
419000004,2026-08-19T13:00:00Z,20.2408,74.051,8.966768699996843,40.10817750329705
419000004,2026-08-19T13:05:00Z,20.2412,74.0515,9.073359062535452,39.96573703246665
419000004,2026-08-19T13:10:00Z,20.2416,74.052,8.928643179890688,39.469713366118185
419000004,2026-08-19T13:15:00Z,20.242,74.0525,9.005729221851194,40.09898306159718
419000004,2026-08-19T13:20:00Z,20.2424,74.053,9.016139873204663,39.65497435175429
419000004,2026-08-19T13:25:00Z,20.2428,74.0535,9.003395658458468,40.16443851389266
419000004,2026-08-19T13:30:00Z,20.243199999999998,74.054,8.978776864510905,40.323663711708924
419000004,2026-08-19T13:35:00Z,20.2436,74.0545,8.953486765636498,40.4549105940176
419000004,2026-08-19T13:40:00Z,20.244,74.055,8.970913932539888,39.890359121765734
419000004,2026-08-19T13:45:00Z,20.2444,74.0555,8.941826310010386,40.04861786771886
419000004,2026-08-19T13:50:00Z,20.244799999999998,74.056,9.059481100264382,39.954092237138134
419000004,2026-08-19T13:55:00Z,20.2452,74.0565,9.018898549899735,40.13576152569388
419000004,2026-08-19T14:00:00Z,20.2456,74.057,8.989115765328267,39.88485972228768
419000004,2026-08-19T14:05:00Z,20.246,74.0575,9.038092738702122,40.352651972952636
419000004,2026-08-19T14:10:00Z,20.246399999999998,74.058,8.911738984234857,40.29214572151519
419000004,2026-08-19T14:15:00Z,20.2468,74.0585,8.97466986520144,40.3818648306264
419000004,2026-08-19T14:20:00Z,20.2472,74.059,9.05956948201457,39.79113638452603
419000004,2026-08-19T14:25:00Z,20.2476,74.0595,8.96369924511495,39.91581986594858
419000004,2026-08-19T14:30:00Z,20.247999999999998,74.06,8.930902548431819,39.84043675181717
419000004,2026-08-19T14:35:00Z,20.2484,74.0605,8.97732808508157,40.07794235704165
419000004,2026-08-19T14:40:00Z,20.2488,74.061,9.052365764303689,39.58069415106448
419000004,2026-08-19T14:45:00Z,20.2492,74.0615,8.974174462891959,40.274387216196054
419000004,2026-08-19T14:50:00Z,20.2496,74.062,8.975412629013494,40.26785674489689
419000004,2026-08-19T14:55:00Z,20.25,74.0625,8.968495874487216,39.68285353775852
419000004,2026-08-19T15:00:00Z,20.2504,74.063,8.932659872561022,40.06320006331739
419000004,2026-08-19T15:05:00Z,20.250799999999998,74.0635,8.917083221720887,39.997628645388026
419000004,2026-08-19T15:10:00Z,20.2512,74.064,9.004617701912723,39.42372522223145
419000004,2026-08-19T15:15:00Z,20.2516,74.0645,9.024199114697577,39.921751462478625
419000004,2026-08-19T15:20:00Z,20.252,74.065,8.944133619897435,40.12438488550801
419000004,2026-08-19T15:25:00Z,20.252399999999998,74.0655,9.001634761262663,39.66450825483804
419000004,2026-08-19T15:30:00Z,20.2528,74.066,9.032780903058569,39.674616813269125
419000004,2026-08-19T15:35:00Z,20.2532,74.0665,8.946776362693692,39.45148140656755
419000004,2026-08-19T15:40:00Z,20.2536,74.067,8.921939853890557,40.16285746734328
419000004,2026-08-19T15:45:00Z,20.253999999999998,74.0675,9.030146847187762,39.96099218155045
419000004,2026-08-19T15:50:00Z,20.2544,74.068,8.969197548722194,40.30760441027733
419000004,2026-08-19T15:55:00Z,20.2548,74.0685,8.914041943306197,39.8789223644442
419000004,2026-08-19T16:00:00Z,20.2552,74.069,8.981016176457592,39.459143141074634
419000004,2026-08-19T16:05:00Z,20.255599999999998,74.0695,8.985681693206741,39.824184508007335
419000004,2026-08-19T16:10:00Z,20.256,74.07,9.005234501494407,40.50897600489125
419000004,2026-08-19T16:15:00Z,20.2564,74.0705,9.009919058031322,39.76983487944081
419000004,2026-08-19T16:20:00Z,20.2568,74.071,8.977402451007325,39.80023668666387
419000004,2026-08-19T16:25:00Z,20.2572,74.0715,9.07951094028109,40.04778933514889
419000004,2026-08-19T16:30:00Z,20.2576,74.072,9.010270526348062,39.85657508267385
419000004,2026-08-19T16:35:00Z,20.258,74.0725,9.095822243836771,39.7709682048068
419000004,2026-08-19T16:40:00Z,20.258399999999998,74.073,8.975357011555221,39.45693600367395
419000004,2026-08-19T16:45:00Z,20.2588,74.0735,8.982892355463397,39.577925750319444
419000004,2026-08-19T16:50:00Z,20.2592,74.074,9.051120361268024,40.23312188769727
419000004,2026-08-19T16:55:00Z,20.2596,74.0745,8.909592797656464,40.463047856804366
419000004,2026-08-19T17:00:00Z,20.259999999999998,74.075,9.045561902228448,40.05957358620446
419000004,2026-08-19T17:05:00Z,20.2604,74.0755,9.11032626535702,39.84286816643763
419000004,2026-08-19T17:10:00Z,20.2608,74.076,8.995251734470367,39.9003494410483
419000004,2026-08-19T17:15:00Z,20.2612,74.0765,9.01121486535908,40.180287785409966
419000004,2026-08-19T17:20:00Z,20.261599999999998,74.077,8.963081170956144,39.81514747474764
419000004,2026-08-19T17:25:00Z,20.262,74.0775,8.90687576236876,39.699287276270134
419000004,2026-08-19T17:30:00Z,20.2624,74.078,8.990984648857523,40.004221624862055
419000004,2026-08-19T17:35:00Z,20.2628,74.0785,9.039519673848309,40.293875602346795
419000004,2026-08-19T17:40:00Z,20.263199999999998,74.079,8.945017082707784,40.07028950811307
419000004,2026-08-19T17:45:00Z,20.2636,74.0795,8.954874674677836,39.90850803438607
419000004,2026-08-19T17:50:00Z,20.264,74.08,9.033757232994745,39.28561979796342
419000004,2026-08-19T17:55:00Z,20.2644,74.0805,9.030422586821484,39.93571751723366
419000004,2026-08-19T18:00:00Z,20.2648,74.081,9.061762369415513,40.0040066774631
419000004,2026-08-19T18:05:00Z,20.2652,74.0815,9.058247222259407,40.278322719865365
419000004,2026-08-19T18:10:00Z,20.2656,74.082,9.064551452759206,40.07842612381899
419000004,2026-08-19T18:15:00Z,20.266,74.0825,9.057012664047214,40.00351492531581
419000004,2026-08-19T18:20:00Z,20.2664,74.083,9.138371794601612,40.25035766421072
419000004,2026-08-19T18:25:00Z,20.2668,74.0835,9.032577031032197,40.18648039393629
419000004,2026-08-19T18:30:00Z,20.2672,74.084,9.126595233887109,40.44402976111417
